a,kappa,core_over_pi,A3,A5
1.3,0.4076107133773281,0.6096437516384051,8.910106842490989e-05,1.288789663962178e-06
1.33,0.3918096962933133,0.6200513661899498,7.159999765307931e-05,1.498512841707807e-06
1.36,0.3762219053817825,0.6306264742041775,4.75345827266685e-05,1.724773296478939e-06
1.39,0.3608510413549005,0.6413774469737313,1.534831876420358e-05,1.961742574712104e-06
1.42,0.3457000625490487,0.6523041186601347,2.682868574151319e-05,2.199683494943235e-06
1.45,0.3307712567971982,0.6634236366835636,8.130918818078953e-05,2.423026760309478e-06
1.48,0.3160663084507757,0.6747177798986737,0.0001509088813105325,2.608389930798739e-06
1.51,0.3015863606541321,0.6860624673805068,0.0002391990747638819,2.721764011661181e-06
1.54,0.287332073014655,0.7023473418066261,0.000349885134657147,2.707353638493175e-06
1.57,0.2733036748419688,0.7109754547478034,0.0004900550032585799,2.532041349488983e-06
1.6,0.2595010141518755,0.7232302477758414,0.0006644303235492614,2.157352782014175e-06
