a,P_per_period_over_E0,first_born_p3
1.22,9.863997557967349e-08,0.00030481014320499986
1.23,5.048524121047337e-08,0.0003144660801972909
1.24,1.8014361863845695e-08,0.0003244901586110384
1.245,7.724117291064035e-09,0.00036852713998449145
1.25,2.3061273075378063e-09,0.00033436839696149393
1.255,1.0893793040335453e-09,0.0003396652569158318
1.26,4.490045824350649e-09,0.00034498982468623177
1.27,2.5734962154053002e-08,0.00035581493592663516
1.28,6.725091415355806e-08,0.00036692504314203464
