a,kappa,zero_mode,internal_omega2
0.000000000000000000e+00,9.999999999999993339e-01,-6.463534158862481420e-11,9.984649952661738270e-01
1.000000000000000056e-01,9.972679870111648137e-01,-7.418770867097790615e-11,9.957607192459363432e-01
2.000000000000000111e-01,9.891002167861802086e-01,-1.024848407202927928e-10,9.876740880495125108e-01
3.000000000000000444e-01,9.755809337940672954e-01,-8.696683934453752932e-11,9.742833024025105981e-01
4.000000000000000222e-01,9.568486956329264048e-01,-7.940872460879086919e-11,9.557174070467024940e-01
5.000000000000000000e-01,9.330936760547745568e-01,-6.891274834789348382e-11,9.321543930409466050e-01
6.000000000000000888e-01,9.045540394166862175e-01,-5.051649848049375175e-11,nan
7.000000000000000666e-01,8.715115247558893330e-01,-6.771425172211711639e-11,nan
8.000000000000000444e-01,8.342864013260088418e-01,-5.426005903630479266e-11,nan
9.000000000000000222e-01,7.932319713108451076e-01,-7.205646713314414544e-11,nan
1.000000000000000000e+00,7.487287993909117478e-01,-7.986668597937815888e-11,nan
1.050000000000000044e+00,7.253088712619134570e-01,-6.460872204693130306e-11,nan
1.074999999999999956e+00,7.133293467638711638e-01,-5.169994775626097889e-11,nan
1.100000000000000089e+00,7.011788435021183430e-01,-2.540082583418545148e-11,nan
1.125000000000000000e+00,6.888639642150631293e-01,-6.551562541419130302e-11,nan
1.150000000000000133e+00,6.763913504371009688e-01,-4.279495577294823385e-11,nan
1.175000000000000044e+00,6.637676771910551166e-01,-5.217835424625685842e-11,nan
1.200000000000000178e+00,6.509996477666569747e-01,-7.787625029761972686e-11,nan
1.225000000000000089e+00,6.380939885908328835e-01,-3.869291841031411725e-11,nan
1.250000000000000000e+00,6.250574441951518567e-01,-3.951701257991839142e-11,nan
1.275000000000000133e+00,6.118967722853650981e-01,-5.669979470471792455e-11,nan
1.300000000000000044e+00,5.986187389175574580e-01,-7.777742146924696575e-11,nan
1.325000000000000178e+00,5.852301137850109969e-01,-3.945592147683587951e-11,nan
1.350000000000000089e+00,5.717376656194704809e-01,-5.138557494910551681e-11,nan
1.399999999999999911e+00,5.444683435430321961e-01,-2.398926853952274174e-11,nan
1.527355465975494875e+00,4.736251988206514607e-01,-5.255625175033347672e-11,nan
1.654710931950989838e+00,4.014929180985949975e-01,-3.514385152236296801e-11,nan
1.782066397926485024e+00,3.289273612578511585e-01,-2.208408265310936148e-11,nan
1.909421863901979766e+00,2.567492545701328122e-01,-2.798949431203874198e-11,nan
2.036777329877474951e+00,1.857358660443874376e-01,-1.986137467503440159e-11,nan
2.164132795852969693e+00,1.166146975459658036e-01,-1.223988554523981924e-11,nan
2.291488261828464879e+00,5.005895905486339864e-02,-1.011249301292483356e-11,nan
